{
  "$schema": "https://ui.shadcn.com/schema.json",
  "style": "new-york",
  "rsc": true,
  "tsx": true,
  "tailwind": {
    "config": "",
    "css": "src/shared/ui/globals.css",
    "baseColor": "stone",
    "cssVariables": true,
    "prefix": ""
  },
  "iconLibrary": "lucide",
  "aliases": {
    "components": "src/shared/components",
    "utils": "src/shared/lib/utils",
    "ui": "src/shared/components/ui",
    "lib": "src/shared/lib",
    "hooks": "src/shared/hooks"
  },
  "registries": {}
}
